{
    "variants": {
        "half=lower": { "model": "block/cattail_tall_bottom",
                        "textures":{"cross":cattail_tall_bottom },
        "half=upper":    { "model":"block/cattail_tall_top",
                        "textures":{"cross":cattail_tall_top 
},
        "half=lower,"grown=true": 
{ "model": "block/tall_cattail_bottom",
                        "textures":{"cross":cattail_tall_grown_bottom}
       "half=upper,"grown=true": 
{ "model": "block/tall_cattail_top",
                        "textures":{"cross":cattail_tall_grown_top}
}







