{
  "forge_marker": 1,
  "defaults": {
    "textures": {
      "bottom": "swampexpansion:block/willow_planks",
      "top": "swampexpansion:block/willow_planks",
      "side": "swampexpansion:block/willow_planks"
    }
  },
  "variants": {
    "type=north": { "model": "quark:block/vertical_slab", "y": 0, "uvlock": true },
    "type=south": { "model": "quark:block/vertical_slab", "y": 180, "uvlock": true },
    "type=east": { "model": "quark:block/vertical_slab", "y": 90, "uvlock": true },
    "type=west": { "model": "quark:block/vertical_slab", "y": 270, "uvlock": true },
    "type=double": {
      "model": "block/cube_all",
      "textures": {
        "all": "swampexpansion:block/willow_planks"
      }
    }
  }
}